{"columns":[0,1,2,3,4,5,6,7,8,9,10,11,12,13,14,15,16,17,18,19,20,21,22,23,24,25,26,27,28,29,30,31,32,33,34,35,36,37,38,39,40,41,42,43,44,45,46,47,48,49,50,51,52,53,54,55,56,57,58,59,60,61,62,63,64,65,66,67,68,69,70,71,72,73,74,75,76,77,78,79,80,81,82,83,84,85,86,87,88,89,90,91,92,93,94,95,96,97,98,99,100,101,102,103,104,105,106,107,108,109,110,111,112,113,114,115,116,117,118,119,120,121,122,123,124,125,126,127],"index":[0,1],"data":[[-0.1863477081,0.0151190702,0.0825793222,0.0128697865,-0.0278218761,-0.0444467589,-0.0767880529,-0.0372404158,0.1319086552,-0.0115584349,0.1772554666,-0.0993615165,-0.2270646691,-0.0783544779,-0.0348128751,0.1504734457,-0.1847725511,-0.0672452599,-0.0075911237,-0.1183885634,0.0536842048,0.0040274593,0.0010978749,0.0738658458,-0.1570472866,-0.3566442132,-0.0295926742,-0.146027118,0.0075680139,-0.0010569289,-0.0064868079,-0.0066757677,-0.1781627685,-0.0291652884,0.0161572024,0.0989839807,-0.0073892558,0.0186677165,0.1205603853,-0.0218060911,-0.0963599384,0.0169868246,-0.0410057083,0.2964575887,0.1993754655,0.1442478299,-0.0013953373,-0.0726952553,0.1279378235,-0.3138224781,0.0644918755,0.1489451379,0.0422839746,-0.0019043256,0.1038786843,-0.1377885193,-0.0014608065,0.1347755492,-0.2502383888,0.1056110784,-0.0234370399,0.0093903821,0.0488457941,-0.0674866885,0.2684000731,0.1043276563,-0.1651307195,-0.0388364196,0.1247046739,-0.1536019444,0.0415885635,0.0346605815,-0.0814135149,-0.2470104694,-0.3482300639,0.0677624121,0.4142475426,0.1288693994,-0.202969417,0.0180659965,-0.0579030626,0.0024148379,0.1412384063,0.0437965281,-0.0714395717,-0.0422152802,-0.0985935777,-0.0061275437,0.1537434161,-0.0226333104,-0.0275562499,0.23662889,-0.0308448151,-0.0000702664,-0.0019728742,0.049947802,-0.1257995814,-0.0117092449,-0.1014436781,-0.0438005179,0.0487833284,-0.0207642913,0.0657351762,0.0486102365,-0.1769176275,0.1248344854,-0.014659551,-0.0171460249,-0.0432146937,-0.0013722602,-0.1404490024,0.0012388055,0.1783666611,-0.2820755839,0.2108145356,0.1711741686,0.0570673533,0.1998104602,0.0167463031,-0.0046889475,-0.0364019163,-0.0010767663,-0.0866884142,-0.0262343921,0.0292982105,-0.038675189,0.0813720748,0.0530567728],[-0.0943351984,0.0620592721,0.0158363301,-0.0547790453,-0.0092867911,-0.1232955977,-0.0200626254,-0.0543706566,0.1109898165,0.0382405445,0.2725553215,-0.0766327828,-0.1950205564,-0.0669043958,0.0327180997,0.0941854939,-0.1981684417,-0.0718571991,-0.0851111114,-0.0459899977,0.0741826072,-0.0068373173,0.0335565954,0.0430216938,-0.1636893749,-0.3449327946,-0.0979952216,-0.1097228304,0.0527478531,-0.0943465009,-0.0332395434,0.0898709297,-0.1996595114,-0.0374817997,0.0321059264,0.0497799367,-0.0024097275,-0.0713164434,0.1701304615,0.0859821886,-0.1753144711,0.0195923112,0.0366813689,0.283808887,0.1973342299,0.0977756977,0.0343096331,-0.0444294028,0.0490980744,-0.1650705487,0.056354858,0.1642299592,0.0647931769,-0.0176289715,0.1127429232,-0.1257533729,0.0355928615,0.0096014552,-0.1781710684,0.0000021788,0.0896792635,-0.0189095922,-0.0090540703,-0.0835052505,0.1673522592,0.0478551686,-0.1043366194,-0.0731090307,0.0477738045,-0.1256629527,-0.056566529,0.0682851523,-0.1246279329,-0.1913260967,-0.3128217161,0.0483407378,0.407985568,0.0915529504,-0.1824742854,0.0618257672,-0.0336648077,-0.107983619,0.143190518,0.0619223565,-0.1120523512,0.0468147323,-0.1772241741,0.0319607817,0.2108776569,-0.0211228468,-0.0036897329,0.1601238847,-0.065820694,-0.0128333643,0.0041032429,0.0240310635,-0.1346294433,0.0168029107,-0.0712382123,-0.0546046197,0.0965516418,-0.0806052908,-0.0731988847,0.1079995558,-0.1913487613,0.0457714684,0.0280765351,-0.0787774622,-0.0551278479,-0.010920479,-0.1126662567,-0.0552402288,0.0682432875,-0.2428980917,0.115637444,0.1913635433,0.0267971084,0.0775998533,0.0677122846,0.0290398952,-0.0489339307,0.0424291566,-0.1443032175,-0.0724926144,0.0399440825,0.0541819073,0.0803422108,-0.0218820348]]}